{
    "settings": {
        "maintenance": false,
        "nodeStatus": true,
        "autoLeave": true,
        "updateFromGithub": true,
        "anticrash": true,

        "nodeStatusDelay": 15,

        "guildID": "",
        "admin": [""],
        "owner": "",

        
        "welcomemsg": "WELCOMEMESSAGEHERE",
        "welcomeimg": "IMAGELINKHERE",

        "statusOnMaintenance": "On Maintenance mode"
    },

    "channelID": {
        "welcome":"",
        "bye":"",
        "nodeStatus": "",
        "suggestions": ""
    },

    "roleID": {
        "staff": "",
        "support": "",
        "member": "",
        "admin": ""
    },

    
    "bot":{
        "token": "",
        "prefix": "!"
    },

    "Comment": "DO NOT INCLUDE `https` or `http",

    "PingIP": {

        "IP1":"yourip.com", 
        "IP2":"yourip.com",
        "IP3":"yourip.com",
        "IP4":"yourip.com",
        "IP5":"yourip.com"
    }

    
}
